{
  "Launch-Get home" : {
    "transaction" : "Launch-Get home",
    "sampleCount" : 1056,
    "errorCount" : 0,
    "errorPct" : 0.0,
    "meanResTime" : 287.88068181818204,
    "medianResTime" : 210.0,
    "minResTime" : 179.0,
    "maxResTime" : 1347.0,
    "pct1ResTime" : 419.0,
    "pct2ResTime" : 425.15,
    "pct3ResTime" : 446.72000000000025,
    "throughput" : 1.7608598865779457,
    "receivedKBytesPerSec" : 8.461508338655376,
    "sentKBytesPerSec" : 0.5812213297493609
  },
  "Place order-Post check" : {
    "transaction" : "Place order-Post check",
    "sampleCount" : 1039,
    "errorCount" : 0,
    "errorPct" : 0.0,
    "meanResTime" : 321.40808469682395,
    "medianResTime" : 299.0,
    "minResTime" : 261.0,
    "maxResTime" : 667.0,
    "pct1ResTime" : 401.0,
    "pct2ResTime" : 454.0,
    "pct3ResTime" : 550.1999999999998,
    "throughput" : 1.7507350896851541,
    "receivedKBytesPerSec" : 0.9580388059952988,
    "sentKBytesPerSec" : 0.6924294055883666
  },
  "Place order-Get index" : {
    "transaction" : "Place order-Get index",
    "sampleCount" : 1040,
    "errorCount" : 0,
    "errorPct" : 0.0,
    "meanResTime" : 155.93269230769232,
    "medianResTime" : 71.0,
    "minResTime" : 57.0,
    "maxResTime" : 1265.0,
    "pct1ResTime" : 280.0,
    "pct2ResTime" : 285.0,
    "pct3ResTime" : 301.0,
    "throughput" : 1.7524880274736199,
    "receivedKBytesPerSec" : 8.421401385897864,
    "sentKBytesPerSec" : 0.6674514948385857
  },
  "Place order-Post delete cart" : {
    "transaction" : "Place order-Post delete cart",
    "sampleCount" : 1040,
    "errorCount" : 0,
    "errorPct" : 0.0,
    "meanResTime" : 345.23461538461515,
    "medianResTime" : 322.0,
    "minResTime" : 267.0,
    "maxResTime" : 643.0,
    "pct1ResTime" : 445.0,
    "pct2ResTime" : 485.94999999999993,
    "pct3ResTime" : 565.7699999999998,
    "throughput" : 1.7522400029653293,
    "receivedKBytesPerSec" : 0.6793418169549439,
    "sentKBytesPerSec" : 0.6776240636467484
  },
  "Login-Post check" : {
    "transaction" : "Login-Post check",
    "sampleCount" : 1052,
    "errorCount" : 0,
    "errorPct" : 0.0,
    "meanResTime" : 325.33174904942985,
    "medianResTime" : 298.0,
    "minResTime" : 265.0,
    "maxResTime" : 639.0,
    "pct1ResTime" : 425.70000000000005,
    "pct2ResTime" : 468.3499999999999,
    "pct3ResTime" : 560.3500000000001,
    "throughput" : 1.7725089257281692,
    "receivedKBytesPerSec" : 0.9698360855732601,
    "sentKBytesPerSec" : 0.683731470373659
  },
  "Select MacBook Pro-Post view" : {
    "transaction" : "Select MacBook Pro-Post view",
    "sampleCount" : 1046,
    "errorCount" : 0,
    "errorPct" : 0.0,
    "meanResTime" : 334.9407265774376,
    "medianResTime" : 303.0,
    "minResTime" : 261.0,
    "maxResTime" : 690.0,
    "pct1ResTime" : 442.30000000000007,
    "pct2ResTime" : 479.65,
    "pct3ResTime" : 572.1199999999999,
    "throughput" : 1.7623965897794478,
    "receivedKBytesPerSec" : 1.2001084517320686,
    "sentKBytesPerSec" : 0.6712252636855318
  },
  "Login-Options login" : {
    "transaction" : "Login-Options login",
    "sampleCount" : 1055,
    "errorCount" : 0,
    "errorPct" : 0.0,
    "meanResTime" : 414.49099526066345,
    "medianResTime" : 389.0,
    "minResTime" : 359.0,
    "maxResTime" : 978.0,
    "pct1ResTime" : 500.19999999999993,
    "pct2ResTime" : 565.0,
    "pct3ResTime" : 653.9600000000005,
    "throughput" : 1.759113206855039,
    "receivedKBytesPerSec" : 0.8744420312797007,
    "sentKBytesPerSec" : 0.6819999444545415
  },
  "Select MacBook Pro-Post check" : {
    "transaction" : "Select MacBook Pro-Post check",
    "sampleCount" : 1049,
    "errorCount" : 0,
    "errorPct" : 0.0,
    "meanResTime" : 329.04194470924665,
    "medianResTime" : 302.0,
    "minResTime" : 267.0,
    "maxResTime" : 644.0,
    "pct1ResTime" : 425.0,
    "pct2ResTime" : 471.0,
    "pct3ResTime" : 549.5,
    "throughput" : 1.7674899788878462,
    "receivedKBytesPerSec" : 0.9671654037425632,
    "sentKBytesPerSec" : 0.7111385461931569
  },
  "Browse laptops-Post bycat" : {
    "transaction" : "Browse laptops-Post bycat",
    "sampleCount" : 1050,
    "errorCount" : 0,
    "errorPct" : 0.0,
    "meanResTime" : 337.52666666666664,
    "medianResTime" : 309.5,
    "minResTime" : 274.0,
    "maxResTime" : 1234.0,
    "pct1ResTime" : 428.9,
    "pct2ResTime" : 478.89999999999986,
    "pct3ResTime" : 563.9200000000001,
    "throughput" : 1.7691540410848114,
    "receivedKBytesPerSec" : 2.497042787938245,
    "sentKBytesPerSec" : 0.6582496969270637
  },
  "Cart-Post check" : {
    "transaction" : "Cart-Post check",
    "sampleCount" : 1041,
    "errorCount" : 0,
    "errorPct" : 0.0,
    "meanResTime" : 349.9923150816526,
    "medianResTime" : 312.0,
    "minResTime" : 267.0,
    "maxResTime" : 1231.0,
    "pct1ResTime" : 469.80000000000007,
    "pct2ResTime" : 505.0,
    "pct3ResTime" : 575.7399999999998,
    "throughput" : 1.7539839529844687,
    "receivedKBytesPerSec" : 0.9596312000215668,
    "sentKBytesPerSec" : 0.6920014814509037
  },
  "Cart-Post view" : {
    "transaction" : "Cart-Post view",
    "sampleCount" : 1041,
    "errorCount" : 0,
    "errorPct" : 0.0,
    "meanResTime" : 348.05955811719485,
    "medianResTime" : 308.0,
    "minResTime" : 264.0,
    "maxResTime" : 987.0,
    "pct1ResTime" : 470.80000000000007,
    "pct2ResTime" : 512.6999999999999,
    "pct3ResTime" : 617.5799999999999,
    "throughput" : 1.7540578384143721,
    "receivedKBytesPerSec" : 1.194417778854757,
    "sentKBytesPerSec" : 0.6492069538662569
  },
  "Add to cart-Options add to cart" : {
    "transaction" : "Add to cart-Options add to cart",
    "sampleCount" : 1044,
    "errorCount" : 0,
    "errorPct" : 0.0,
    "meanResTime" : 313.75095785440664,
    "medianResTime" : 270.0,
    "minResTime" : 248.0,
    "maxResTime" : 747.0,
    "pct1ResTime" : 436.0,
    "pct2ResTime" : 480.0,
    "pct3ResTime" : 574.2999999999997,
    "throughput" : 1.7590771921488544,
    "receivedKBytesPerSec" : 0.8744179585942883,
    "sentKBytesPerSec" : 0.7180608069513877
  },
  "Cart-Post view cart" : {
    "transaction" : "Cart-Post view cart",
    "sampleCount" : 1041,
    "errorCount" : 0,
    "errorPct" : 0.0,
    "meanResTime" : 379.1200768491836,
    "medianResTime" : 345.0,
    "minResTime" : 279.0,
    "maxResTime" : 770.0,
    "pct1ResTime" : 504.80000000000007,
    "pct2ResTime" : 558.0,
    "pct3ResTime" : 669.6999999999989,
    "throughput" : 1.7538598394738083,
    "receivedKBytesPerSec" : 0.8875437280346324,
    "sentKBytesPerSec" : 0.7193565747841792
  },
  "Add to cart-Post add to cart" : {
    "transaction" : "Add to cart-Post add to cart",
    "sampleCount" : 1044,
    "errorCount" : 0,
    "errorPct" : 0.0,
    "meanResTime" : 377.89942528735634,
    "medianResTime" : 343.0,
    "minResTime" : 280.0,
    "maxResTime" : 4269.0,
    "pct1ResTime" : 499.0,
    "pct2ResTime" : 542.75,
    "pct3ResTime" : 626.55,
    "throughput" : 1.758860851194307,
    "receivedKBytesPerSec" : 0.6304058857818675,
    "sentKBytesPerSec" : 0.8364894868472924
  },
  "Select MacBook Pro-Get prod" : {
    "transaction" : "Select MacBook Pro-Get prod",
    "sampleCount" : 1049,
    "errorCount" : 0,
    "errorPct" : 0.0,
    "meanResTime" : 154.5815061963775,
    "medianResTime" : 68.0,
    "minResTime" : 57.0,
    "maxResTime" : 1005.0,
    "pct1ResTime" : 277.0,
    "pct2ResTime" : 284.5,
    "pct3ResTime" : 307.0,
    "throughput" : 1.7675882614615208,
    "receivedKBytesPerSec" : 9.269051927012422,
    "sentKBytesPerSec" : 0.6697502396944043
  },
  "Browse laptops-Options bycat" : {
    "transaction" : "Browse laptops-Options bycat",
    "sampleCount" : 1050,
    "errorCount" : 0,
    "errorPct" : 0.0,
    "meanResTime" : 297.8799999999999,
    "medianResTime" : 266.0,
    "minResTime" : 242.0,
    "maxResTime" : 587.0,
    "pct1ResTime" : 399.0,
    "pct2ResTime" : 444.0,
    "pct3ResTime" : 533.47,
    "throughput" : 1.7692345280440522,